,accuracy level 1,accuracy level 2,accuracy level 3,accuracy level 4
DNN ESM2 3B,0.9722222222222222,0.9722222222222222,0.5555555555555556,0.3055555555555556
DNN ESM1b,0.9722222222222222,0.9722222222222222,0.5555555555555556,0.3333333333333333
DNN ProtBERT,0.8611111111111112,0.9722222222222222,0.5833333333333334,0.25
Models Ensemble,0.9722222222222222,0.9722222222222222,0.5555555555555556,0.3333333333333333
Models Ensemble + BLASTp,0.9722222222222222,0.9722222222222222,0.5555555555555556,0.3611111111111111
BLASTp,0.8611111111111112,0.8333333333333334,0.4722222222222222,0.3611111111111111
