f1 overall,f1 level 1,f1 level 2,f1 level 3,f1 level 4,recall level 4,precision level 4
0.786082240711322,0.9623969658922703,0.9267654001701884,0.8288027408832778,0.4334635608629417,0.40789473684210525,0.5348684210526315
0.7897306630126643,0.9655972857724164,0.9226428481597563,0.8568480681756176,0.421253454148191,0.3815789473684211,0.5866228070175439
0.7405110325303056,0.9246281682523293,0.8809200712872249,0.8066399982832111,0.35756619111882276,0.3157894736842105,0.5256578947368421
0.7796906307500371,0.962155537364225,0.9266696937973403,0.8453731950376246,0.3923626468131113,0.3618421052631579,0.525219298245614
0.7940368015628679,0.9589432388499133,0.9266696937973403,0.8534268863127923,0.4441520467836258,0.40789473684210525,0.599780701754386
0.7446739580823495,0.9394406081092416,0.892753033692631,0.7818084972447389,0.3721933037722511,0.32894736842105265,0.4985902255639097
