,model_name,accuracy level 1,accuracy level 2,accuracy level 3,accuracy level 4
0,DNN ESM2 3B,0.9166666666666666,0.9166666666666666,0.5,0.8055555555555556
0,DNN ESM1b,0.9166666666666666,0.9166666666666666,0.5,0.8333333333333334
0,DNN ProtBERT,0.8055555555555556,0.9166666666666666,0.5277777777777778,0.75
0,Models Ensemble,0.9166666666666666,0.9166666666666666,0.5,0.8333333333333334
0,Models Ensemble + BLASTp,0.9166666666666666,0.9166666666666666,0.5555555555555556,0.8333333333333334
0,BLASTp,0.75,0.6388888888888888,0.19444444444444445,0.5833333333333334
0,CLEAN,1.0,0.9722222222222222,0.9444444444444444,0.9444444444444444
0,ProteInfer,0.6111111111111112,0.3888888888888889,0.08333333333333333,0.6944444444444444
